,Server-RSSI-1,Server-RSSI-2,Server-Distance-1,Server-Distance-2
0,-38,-74,0.4,3.6
1,-51,-67,0.4,3.6
2,-48,-68,0.4,3.6
3,-48,-79,0.4,3.6
4,-53,-71,0.4,3.6
5,-37,-71,0.4,3.6
6,-37,-77,0.4,3.6
7,-37,-64,0.4,3.6
8,-37,-66,0.4,3.6
9,-40,-66,0.4,3.6
10,-40,-65,0.4,3.6
11,-38,-65,0.4,3.6
12,-38,-66,0.4,3.6
13,-40,-66,0.4,3.6
14,-40,-65,0.4,3.6
15,-40,-65,0.4,3.6
16,-40,-64,0.4,3.6
17,-37,-64,0.4,3.6
18,-37,-65,0.4,3.6
19,-40,-65,0.4,3.6
20,-40,-64,0.4,3.6
21,-37,-63,0.4,3.6
22,-37,-63,0.4,3.6
23,-43,-63,0.4,3.6
24,-40,-76,0.4,3.6
25,-43,-66,0.4,3.6
26,-35,-66,0.4,3.6
27,-35,-76,0.4,3.6
28,-35,-65,0.4,3.6
29,-35,-65,0.4,3.6
30,-34,-65,0.4,3.6
31,-43,-65,0.4,3.6
32,-43,-65,0.4,3.6
33,-36,-65,0.4,3.6
34,-43,-65,0.4,3.6
35,-44,-65,0.4,3.6
36,-34,-65,0.4,3.6
37,-34,-76,0.4,3.6
38,-44,-76,0.4,3.6
39,-44,-65,0.4,3.6
40,-34,-65,0.4,3.6
41,-34,-75,0.4,3.6
42,-36,-63,0.4,3.6
43,-36,-65,0.4,3.6
44,-34,-65,0.4,3.6
45,-34,-75,0.4,3.6
46,-44,-75,0.4,3.6
47,-44,-65,0.4,3.6
48,-35,-65,0.4,3.6
49,-35,-75,0.4,3.6
50,-35,-75,0.4,3.6
51,-45,-63,0.4,3.6
52,-45,-63,0.4,3.6
53,-45,-64,0.4,3.6
54,-35,-65,0.4,3.6
55,-35,-77,0.4,3.6
56,-35,-64,0.4,3.6
57,-35,-65,0.4,3.6
58,-35,-77,0.4,3.6
59,-35,-64,0.4,3.6
60,-35,-64,0.4,3.6
61,-35,-76,0.4,3.6
62,-44,-76,0.4,3.6
63,-35,-64,0.4,3.6
64,-35,-64,0.4,3.6
65,-44,-64,0.4,3.6
66,-45,-76,0.4,3.6
67,-44,-64,0.4,3.6
68,-45,-64,0.4,3.6
69,-45,-65,0.4,3.6
70,-35,-65,0.4,3.6
71,-35,-64,0.4,3.6
72,-45,-64,0.4,3.6
73,-45,-65,0.4,3.6
74,-35,-65,0.4,3.6
75,-34,-63,0.4,3.6
76,-45,-63,0.4,3.6
77,-45,-65,0.4,3.6
78,-37,-65,0.4,3.6
79,-37,-62,0.4,3.6
80,-44,-62,0.4,3.6
81,-45,-62,0.4,3.6
82,-44,-62,0.4,3.6
83,-44,-64,0.4,3.6
84,-36,-64,0.4,3.6
85,-36,-61,0.4,3.6
86,-45,-61,0.4,3.6
87,-45,-73,0.4,3.6
88,-45,-61,0.4,3.6
89,-45,-61,0.4,3.6
90,-45,-73,0.4,3.6
91,-45,-64,0.4,3.6
92,-45,-64,0.4,3.6
93,-45,-64,0.4,3.6
94,-35,-64,0.4,3.6
95,-35,-73,0.4,3.6
96,-35,-64,0.4,3.6
97,-35,-65,0.4,3.6
98,-35,-74,0.4,3.6
99,-35,-64,0.4,3.6
100,-35,-65,0.4,3.6
101,-35,-74,0.4,3.6
102,-45,-74,0.4,3.6
103,-35,-65,0.4,3.6
104,-35,-65,0.4,3.6
105,-35,-74,0.4,3.6
106,-45,-74,0.4,3.6
107,-45,-65,0.4,3.6
108,-35,-65,0.4,3.6
109,-35,-73,0.4,3.6
110,-45,-65,0.4,3.6
111,-45,-65,0.4,3.6
112,-45,-73,0.4,3.6
113,-45,-65,0.4,3.6
114,-37,-65,0.4,3.6
115,-37,-73,0.4,3.6
116,-37,-72,0.4,3.6
117,-37,-61,0.4,3.6
118,-45,-61,0.4,3.6
119,-45,-65,0.4,3.6
120,-35,-65,0.4,3.6
121,-35,-73,0.4,3.6
122,-45,-64,0.4,3.6
123,-35,-65,0.4,3.6
124,-35,-73,0.4,3.6
125,-35,-65,0.4,3.6
126,-37,-65,0.4,3.6
127,-37,-61,0.4,3.6
128,-45,-61,0.4,3.6
129,-45,-62,0.4,3.6
130,-37,-62,0.4,3.6
131,-35,-74,0.4,3.6
132,-35,-63,0.4,3.6
133,-45,-63,0.4,3.6
134,-45,-75,0.4,3.6
135,-35,-64,0.4,3.6
136,-35,-65,0.4,3.6
137,-35,-64,0.4,3.6
138,-45,-64,0.4,3.6
139,-45,-64,0.4,3.6
140,-35,-65,0.4,3.6
141,-35,-74,0.4,3.6
142,-35,-64,0.4,3.6
143,-35,-64,0.4,3.6
144,-35,-63,0.4,3.6
145,-45,-63,0.4,3.6
146,-45,-65,0.4,3.6
147,-37,-63,0.4,3.6
148,-44,-63,0.4,3.6
149,-45,-65,0.4,3.6
150,-35,-65,0.4,3.6
151,-35,-63,0.4,3.6
152,-44,-63,0.4,3.6
153,-44,-63,0.4,3.6
154,-44,-63,0.4,3.6
155,-45,-63,0.4,3.6
156,-45,-62,0.4,3.6
157,-45,-65,0.4,3.6
158,-45,-65,0.4,3.6
159,-45,-65,0.4,3.6
160,-35,-65,0.4,3.6
161,-35,-72,0.4,3.6
162,-45,-72,0.4,3.6
163,-35,-64,0.4,3.6
164,-35,-65,0.4,3.6
165,-35,-72,0.4,3.6
166,-45,-72,0.4,3.6
167,-45,-64,0.4,3.6
168,-35,-65,0.4,3.6
169,-35,-72,0.4,3.6
170,-35,-73,0.4,3.6
171,-35,-65,0.4,3.6
172,-35,-65,0.4,3.6
173,-35,-63,0.4,3.6
174,-45,-63,0.4,3.6
175,-45,-63,0.4,3.6
176,-37,-63,0.4,3.6
177,-37,-65,0.4,3.6
178,-45,-65,0.4,3.6
179,-45,-73,0.4,3.6
180,-45,-63,0.4,3.6
181,-35,-63,0.4,3.6
182,-35,-73,0.4,3.6
183,-35,-65,0.4,3.6
184,-35,-65,0.4,3.6
185,-35,-73,0.4,3.6
186,-35,-64,0.4,3.6
187,-35,-65,0.4,3.6
188,-35,-73,0.4,3.6
189,-45,-73,0.4,3.6
190,-35,-65,0.4,3.6
191,-35,-65,0.4,3.6
192,-35,-74,0.4,3.6
193,-35,-74,0.4,3.6
194,-37,-64,0.4,3.6
195,-37,-74,0.4,3.6
196,-37,-74,0.4,3.6
197,-37,-65,0.4,3.6
198,-35,-65,0.4,3.6
199,-35,-73,0.4,3.6
200,-35,-60,0.8,3.2
201,-44,-65,0.8,3.2
202,-34,-65,0.8,3.2
203,-34,-61,0.8,3.2
204,-35,-61,0.8,3.2
205,-35,-63,0.8,3.2
206,-45,-63,0.8,3.2
207,-45,-68,0.8,3.2
208,-35,-68,0.8,3.2
209,-35,-77,0.8,3.2
210,-35,-68,0.8,3.2
211,-36,-68,0.8,3.2
212,-36,-67,0.8,3.2
213,-46,-67,0.8,3.2
214,-46,-76,0.8,3.2
215,-36,-76,0.8,3.2
216,-36,-67,0.8,3.2
217,-47,-67,0.8,3.2
218,-46,-69,0.8,3.2
219,-35,-69,0.8,3.2
220,-35,-69,0.8,3.2
221,-46,-69,0.8,3.2
222,-46,-76,0.8,3.2
223,-35,-75,0.8,3.2
224,-35,-67,0.8,3.2
225,-46,-67,0.8,3.2
226,-46,-69,0.8,3.2
227,-35,-68,0.8,3.2
228,-35,-75,0.8,3.2
229,-35,-68,0.8,3.2
230,-36,-68,0.8,3.2
231,-36,-67,0.8,3.2
232,-46,-67,0.8,3.2
233,-46,-69,0.8,3.2
234,-35,-69,0.8,3.2
235,-35,-75,0.8,3.2
236,-35,-69,0.8,3.2
237,-35,-69,0.8,3.2
238,-35,-76,0.8,3.2
239,-35,-69,0.8,3.2
240,-35,-69,0.8,3.2
241,-35,-76,0.8,3.2
242,-46,-75,0.8,3.2
243,-35,-67,0.8,3.2
244,-35,-67,0.8,3.2
245,-36,-67,0.8,3.2
246,-36,-75,0.8,3.2
247,-36,-75,0.8,3.2
248,-36,-69,0.8,3.2
249,-35,-69,0.8,3.2
250,-35,-74,0.8,3.2
251,-35,-69,0.8,3.2
252,-46,-69,0.8,3.2
253,-46,-69,0.8,3.2
254,-35,-69,0.8,3.2
255,-35,-67,0.8,3.2
256,-46,-67,0.8,3.2
257,-46,-69,0.8,3.2
258,-36,-68,0.8,3.2
259,-36,-67,0.8,3.2
260,-46,-67,0.8,3.2
261,-46,-67,0.8,3.2
262,-36,-67,0.8,3.2
263,-36,-75,0.8,3.2
264,-47,-68,0.8,3.2
265,-36,-68,0.8,3.2
266,-36,-75,0.8,3.2
267,-36,-67,0.8,3.2
268,-36,-67,0.8,3.2
269,-36,-69,0.8,3.2
270,-36,-68,0.8,3.2
271,-36,-75,0.8,3.2
272,-47,-68,0.8,3.2
273,-36,-68,0.8,3.2
274,-36,-77,0.8,3.2
275,-36,-69,0.8,3.2
276,-36,-69,0.8,3.2
277,-36,-75,0.8,3.2
278,-36,-67,0.8,3.2
279,-36,-68,0.8,3.2
280,-36,-75,0.8,3.2
281,-36,-75,0.8,3.2
282,-36,-67,0.8,3.2
283,-36,-67,0.8,3.2
284,-36,-76,0.8,3.2
285,-47,-67,0.8,3.2
286,-47,-67,0.8,3.2
287,-36,-67,0.8,3.2
288,-36,-67,0.8,3.2
289,-47,-67,0.8,3.2
290,-47,-77,0.8,3.2
291,-47,-68,0.8,3.2
292,-36,-68,0.8,3.2
293,-36,-67,0.8,3.2
294,-47,-67,0.8,3.2
295,-47,-68,0.8,3.2
296,-36,-68,0.8,3.2
297,-36,-67,0.8,3.2
298,-47,-67,0.8,3.2
299,-47,-66,0.8,3.2
300,-47,-66,0.8,3.2
301,-47,-67,0.8,3.2
302,-36,-67,0.8,3.2
303,-36,-66,0.8,3.2
304,-47,-66,0.8,3.2
305,-47,-66,0.8,3.2
306,-36,-66,0.8,3.2
307,-36,-67,0.8,3.2
308,-47,-67,0.8,3.2
309,-47,-77,0.8,3.2
310,-47,-66,0.8,3.2
311,-36,-66,0.8,3.2
312,-36,-77,0.8,3.2
313,-36,-77,0.8,3.2
314,-36,-66,0.8,3.2
315,-47,-66,0.8,3.2
316,-47,-67,0.8,3.2
317,-36,-67,0.8,3.2
318,-36,-77,0.8,3.2
319,-47,-77,0.8,3.2
320,-35,-67,0.8,3.2
321,-35,-67,0.8,3.2
322,-35,-77,0.8,3.2
323,-35,-67,0.8,3.2
324,-35,-67,0.8,3.2
325,-35,-76,0.8,3.2
326,-47,-77,0.8,3.2
327,-35,-66,0.8,3.2
328,-35,-66,0.8,3.2
329,-36,-66,0.8,3.2
330,-36,-68,0.8,3.2
331,-35,-68,0.8,3.2
332,-35,-77,0.8,3.2
333,-35,-77,0.8,3.2
334,-35,-76,0.8,3.2
335,-35,-77,0.8,3.2
336,-46,-66,0.8,3.2
337,-47,-66,0.8,3.2
338,-47,-68,0.8,3.2
339,-36,-68,0.8,3.2
340,-35,-76,0.8,3.2
341,-35,-68,0.8,3.2
342,-36,-68,0.8,3.2
343,-35,-76,0.8,3.2
344,-47,-76,0.8,3.2
345,-47,-77,0.8,3.2
346,-47,-67,0.8,3.2
347,-35,-67,0.8,3.2
348,-35,-66,0.8,3.2
349,-46,-66,0.8,3.2
350,-46,-67,0.8,3.2
351,-35,-67,0.8,3.2
352,-35,-68,0.8,3.2
353,-35,-68,0.8,3.2
354,-35,-77,0.8,3.2
355,-36,-76,0.8,3.2
356,-36,-67,0.8,3.2
357,-36,-67,0.8,3.2
358,-35,-76,0.8,3.2
359,-36,-76,0.8,3.2
360,-36,-67,0.8,3.2
361,-47,-67,0.8,3.2
362,-47,-67,0.8,3.2
363,-36,-67,0.8,3.2
364,-36,-66,0.8,3.2
365,-47,-66,0.8,3.2
366,-49,-66,0.8,3.2
367,-47,-66,0.8,3.2
368,-47,-67,0.8,3.2
369,-36,-67,0.8,3.2
370,-36,-67,0.8,3.2
371,-47,-67,0.8,3.2
372,-48,-66,0.8,3.2
373,-47,-67,0.8,3.2
374,-47,-77,0.8,3.2
375,-36,-77,0.8,3.2
376,-36,-66,0.8,3.2
377,-36,-66,0.8,3.2
378,-36,-77,0.8,3.2
379,-36,-67,0.8,3.2
380,-36,-67,0.8,3.2
381,-35,-77,0.8,3.2
382,-35,-66,0.8,3.2
383,-47,-66,0.8,3.2
384,-47,-67,0.8,3.2
385,-35,-67,0.8,3.2
386,-35,-77,0.8,3.2
387,-35,-67,0.8,3.2
388,-35,-67,0.8,3.2
389,-35,-77,0.8,3.2
390,-35,-68,0.8,3.2
391,-36,-68,0.8,3.2
392,-35,-77,0.8,3.2
393,-36,-77,0.8,3.2
394,-36,-66,0.8,3.2
395,-36,-67,0.8,3.2
396,-36,-68,0.8,3.2
397,-35,-68,0.8,3.2
398,-35,-78,0.8,3.2
399,-35,-68,0.8,3.2
400,-38,-65,1.2,2.8
401,-51,-66,1.2,2.8
402,-51,-73,1.2,2.8
403,-51,-65,1.2,2.8
404,-49,-65,1.2,2.8
405,-49,-64,1.2,2.8
406,-49,-64,1.2,2.8
407,-49,-67,1.2,2.8
408,-38,-67,1.2,2.8
409,-38,-72,1.2,2.8
410,-49,-71,1.2,2.8
411,-49,-66,1.2,2.8
412,-38,-67,1.2,2.8
413,-38,-72,1.2,2.8
414,-38,-67,1.2,2.8
415,-38,-67,1.2,2.8
416,-38,-73,1.2,2.8
417,-38,-67,1.2,2.8
418,-38,-68,1.2,2.8
419,-38,-67,1.2,2.8
420,-38,-67,1.2,2.8
421,-38,-66,1.2,2.8
422,-49,-66,1.2,2.8
423,-49,-73,1.2,2.8
424,-43,-67,1.2,2.8
425,-43,-73,1.2,2.8
426,-43,-66,1.2,2.8
427,-43,-66,1.2,2.8
428,-48,-66,1.2,2.8
429,-48,-68,1.2,2.8
430,-43,-68,1.2,2.8
431,-44,-65,1.2,2.8
432,-48,-66,1.2,2.8
433,-49,-73,1.2,2.8
434,-39,-68,1.2,2.8
435,-39,-68,1.2,2.8
436,-39,-81,1.2,2.8
437,-39,-68,1.2,2.8
438,-39,-68,1.2,2.8
439,-39,-76,1.2,2.8
440,-49,-77,1.2,2.8
441,-45,-65,1.2,2.8
442,-46,-68,1.2,2.8
443,-39,-68,1.2,2.8
444,-39,-78,1.2,2.8
445,-39,-68,1.2,2.8
446,-40,-68,1.2,2.8
447,-39,-79,1.2,2.8
448,-40,-69,1.2,2.8
449,-39,-69,1.2,2.8
450,-39,-65,1.2,2.8
451,-49,-65,1.2,2.8
452,-49,-70,1.2,2.8
453,-42,-70,1.2,2.8
454,-39,-76,1.2,2.8
455,-39,-71,1.2,2.8
456,-39,-71,1.2,2.8
457,-39,-75,1.2,2.8
458,-39,-75,1.2,2.8
459,-49,-71,1.2,2.8
460,-39,-71,1.2,2.8
461,-39,-76,1.2,2.8
462,-39,-65,1.2,2.8
463,-39,-66,1.2,2.8
464,-49,-66,1.2,2.8
465,-49,-80,1.2,2.8
466,-49,-66,1.2,2.8
467,-49,-66,1.2,2.8
468,-49,-71,1.2,2.8
469,-39,-71,1.2,2.8
470,-39,-66,1.2,2.8
471,-49,-66,1.2,2.8
472,-49,-71,1.2,2.8
473,-39,-72,1.2,2.8
474,-39,-66,1.2,2.8
475,-49,-66,1.2,2.8
476,-49,-71,1.2,2.8
477,-44,-71,1.2,2.8
478,-39,-71,1.2,2.8
479,-39,-76,1.2,2.8
480,-49,-72,1.2,2.8
481,-39,-72,1.2,2.8
482,-39,-77,1.2,2.8
483,-45,-65,1.2,2.8
484,-45,-66,1.2,2.8
485,-45,-66,1.2,2.8
486,-44,-77,1.2,2.8
487,-49,-66,1.2,2.8
488,-50,-66,1.2,2.8
489,-50,-72,1.2,2.8
490,-39,-72,1.2,2.8
491,-39,-65,1.2,2.8
492,-49,-65,1.2,2.8
493,-49,-72,1.2,2.8
494,-39,-72,1.2,2.8
495,-39,-77,1.2,2.8
496,-39,-72,1.2,2.8
497,-40,-72,1.2,2.8
498,-40,-78,1.2,2.8
499,-40,-73,1.2,2.8
500,-40,-73,1.2,2.8
501,-40,-78,1.2,2.8
502,-45,-78,1.2,2.8
503,-46,-64,1.2,2.8
504,-49,-65,1.2,2.8
505,-49,-73,1.2,2.8
506,-45,-74,1.2,2.8
507,-46,-64,1.2,2.8
508,-50,-64,1.2,2.8
509,-50,-78,1.2,2.8
510,-45,-78,1.2,2.8
511,-45,-74,1.2,2.8
512,-40,-74,1.2,2.8
513,-40,-77,1.2,2.8
514,-50,-65,1.2,2.8
515,-50,-65,1.2,2.8
516,-50,-65,1.2,2.8
517,-50,-74,1.2,2.8
518,-40,-74,1.2,2.8
519,-40,-64,1.2,2.8
520,-50,-64,1.2,2.8
521,-50,-75,1.2,2.8
522,-40,-75,1.2,2.8
523,-40,-76,1.2,2.8
524,-40,-72,1.2,2.8
525,-40,-72,1.2,2.8
526,-40,-76,1.2,2.8
527,-40,-72,1.2,2.8
528,-40,-73,1.2,2.8
529,-40,-76,1.2,2.8
530,-49,-71,1.2,2.8
531,-50,-71,1.2,2.8
532,-50,-76,1.2,2.8
533,-50,-71,1.2,2.8
534,-45,-65,1.2,2.8
535,-50,-65,1.2,2.8
536,-50,-66,1.2,2.8
537,-50,-65,1.2,2.8
538,-51,-72,1.2,2.8
539,-39,-72,1.2,2.8
540,-39,-74,1.2,2.8
541,-40,-74,1.2,2.8
542,-40,-75,1.2,2.8
543,-50,-72,1.2,2.8
544,-40,-72,1.2,2.8
545,-40,-74,1.2,2.8
546,-45,-74,1.2,2.8
547,-46,-65,1.2,2.8
548,-40,-65,1.2,2.8
549,-45,-74,1.2,2.8
550,-50,-72,1.2,2.8
551,-40,-72,1.2,2.8
552,-40,-74,1.2,2.8
553,-50,-73,1.2,2.8
554,-50,-73,1.2,2.8
555,-50,-74,1.2,2.8
556,-39,-72,1.2,2.8
557,-39,-73,1.2,2.8
558,-39,-65,1.2,2.8
559,-50,-64,1.2,2.8
560,-50,-75,1.2,2.8
561,-50,-75,1.2,2.8
562,-50,-75,1.2,2.8
563,-50,-76,1.2,2.8
564,-40,-76,1.2,2.8
565,-40,-75,1.2,2.8
566,-40,-77,1.2,2.8
567,-40,-78,1.2,2.8
568,-40,-76,1.2,2.8
569,-40,-77,1.2,2.8
570,-40,-77,1.2,2.8
571,-40,-75,1.2,2.8
572,-50,-75,1.2,2.8
573,-40,-77,1.2,2.8
574,-40,-77,1.2,2.8
575,-40,-75,1.2,2.8
576,-50,-75,1.2,2.8
577,-50,-77,1.2,2.8
578,-40,-77,1.2,2.8
579,-40,-75,1.2,2.8
580,-50,-69,1.2,2.8
581,-50,-65,1.2,2.8
582,-50,-75,1.2,2.8
583,-45,-75,1.2,2.8
584,-45,-65,1.2,2.8
585,-39,-74,1.2,2.8
586,-50,-76,1.2,2.8
587,-39,-76,1.2,2.8
588,-39,-75,1.2,2.8
589,-39,-77,1.2,2.8
590,-45,-77,1.2,2.8
591,-45,-66,1.2,2.8
592,-51,-66,1.2,2.8
593,-51,-76,1.2,2.8
594,-39,-76,1.2,2.8
595,-39,-75,1.2,2.8
596,-50,-76,1.2,2.8
597,-50,-77,1.2,2.8
598,-39,-77,1.2,2.8
599,-39,-77,1.2,2.8
600,-38,-58,1.6,2.4
601,-39,-63,1.6,2.4
602,-39,-58,1.6,2.4
603,-46,-58,1.6,2.4
604,-46,-63,1.6,2.4
605,-39,-63,1.6,2.4
606,-39,-57,1.6,2.4
607,-46,-57,1.6,2.4
608,-46,-63,1.6,2.4
609,-39,-63,1.6,2.4
610,-39,-57,1.6,2.4
611,-46,-63,1.6,2.4
612,-46,-63,1.6,2.4
613,-46,-59,1.6,2.4
614,-38,-59,1.6,2.4
615,-38,-63,1.6,2.4
616,-39,-63,1.6,2.4
617,-39,-57,1.6,2.4
618,-46,-57,1.6,2.4
619,-46,-49,1.6,2.4
620,-38,-60,1.6,2.4
621,-38,-63,1.6,2.4
622,-38,-63,1.6,2.4
623,-38,-59,1.6,2.4
624,-38,-60,1.6,2.4
625,-38,-58,1.6,2.4
626,-39,-58,1.6,2.4
627,-39,-57,1.6,2.4
628,-46,-57,1.6,2.4
629,-46,-49,1.6,2.4
630,-38,-60,1.6,2.4
631,-38,-63,1.6,2.4
632,-46,-63,1.6,2.4
633,-46,-60,1.6,2.4
634,-39,-60,1.6,2.4
635,-39,-63,1.6,2.4
636,-39,-64,1.6,2.4
637,-39,-57,1.6,2.4
638,-46,-57,1.6,2.4
639,-46,-60,1.6,2.4
640,-39,-60,1.6,2.4
641,-39,-57,1.6,2.4
642,-46,-57,1.6,2.4
643,-47,-60,1.6,2.4
644,-47,-60,1.6,2.4
645,-47,-64,1.6,2.4
646,-39,-64,1.6,2.4
647,-39,-57,1.6,2.4
648,-39,-57,1.6,2.4
649,-39,-60,1.6,2.4
650,-39,-60,1.6,2.4
651,-39,-64,1.6,2.4
652,-39,-64,1.6,2.4
653,-39,-57,1.6,2.4
654,-39,-57,1.6,2.4
655,-39,-64,1.6,2.4
656,-39,-63,1.6,2.4
657,-39,-58,1.6,2.4
658,-46,-57,1.6,2.4
659,-46,-60,1.6,2.4
660,-39,-60,1.6,2.4
661,-39,-57,1.6,2.4
662,-46,-57,1.6,2.4
663,-46,-57,1.6,2.4
664,-39,-57,1.6,2.4
665,-39,-64,1.6,2.4
666,-39,-64,1.6,2.4
667,-39,-56,1.6,2.4
668,-39,-56,1.6,2.4
669,-39,-64,1.6,2.4
670,-39,-64,1.6,2.4
671,-39,-57,1.6,2.4
672,-47,-57,1.6,2.4
673,-47,-61,1.6,2.4
674,-38,-61,1.6,2.4
675,-38,-64,1.6,2.4
676,-39,-64,1.6,2.4
677,-39,-57,1.6,2.4
678,-46,-57,1.6,2.4
679,-47,-61,1.6,2.4
680,-38,-61,1.6,2.4
681,-38,-57,1.6,2.4
682,-46,-57,1.6,2.4
683,-46,-65,1.6,2.4
684,-38,-62,1.6,2.4
685,-39,-62,1.6,2.4
686,-39,-57,1.6,2.4
687,-46,-57,1.6,2.4
688,-47,-62,1.6,2.4
689,-38,-62,1.6,2.4
690,-38,-64,1.6,2.4
691,-39,-64,1.6,2.4
692,-39,-62,1.6,2.4
693,-38,-62,1.6,2.4
694,-38,-64,1.6,2.4
695,-39,-64,1.6,2.4
696,-39,-63,1.6,2.4
697,-38,-57,1.6,2.4
698,-46,-57,1.6,2.4
699,-46,-63,1.6,2.4
700,-38,-63,1.6,2.4
701,-38,-57,1.6,2.4
702,-46,-57,1.6,2.4
703,-46,-64,1.6,2.4
704,-38,-64,1.6,2.4
705,-38,-64,1.6,2.4
706,-46,-64,1.6,2.4
707,-46,-63,1.6,2.4
708,-38,-63,1.6,2.4
709,-38,-63,1.6,2.4
710,-46,-63,1.6,2.4
711,-46,-63,1.6,2.4
712,-46,-63,1.6,2.4
713,-38,-63,1.6,2.4
714,-38,-57,1.6,2.4
715,-38,-57,1.6,2.4
716,-38,-57,1.6,2.4
717,-47,-57,1.6,2.4
718,-47,-62,1.6,2.4
719,-38,-62,1.6,2.4
720,-38,-57,1.6,2.4
721,-47,-56,1.6,2.4
722,-47,-56,1.6,2.4
723,-47,-56,1.6,2.4
724,-47,-63,1.6,2.4
725,-38,-63,1.6,2.4
726,-38,-57,1.6,2.4
727,-47,-57,1.6,2.4
728,-47,-63,1.6,2.4
729,-38,-63,1.6,2.4
730,-38,-63,1.6,2.4
731,-38,-63,1.6,2.4
732,-38,-63,1.6,2.4
733,-47,-64,1.6,2.4
734,-47,-56,1.6,2.4
735,-46,-56,1.6,2.4
736,-46,-63,1.6,2.4
737,-38,-64,1.6,2.4
738,-38,-56,1.6,2.4
739,-46,-56,1.6,2.4
740,-46,-63,1.6,2.4
741,-38,-64,1.6,2.4
742,-38,-63,1.6,2.4
743,-38,-64,1.6,2.4
744,-38,-57,1.6,2.4
745,-46,-56,1.6,2.4
746,-46,-63,1.6,2.4
747,-38,-63,1.6,2.4
748,-38,-63,1.6,2.4
749,-46,-62,1.6,2.4
750,-46,-62,1.6,2.4
751,-47,-63,1.6,2.4
752,-38,-63,1.6,2.4
753,-38,-63,1.6,2.4
754,-38,-64,1.6,2.4
755,-38,-57,1.6,2.4
756,-46,-57,1.6,2.4
757,-46,-62,1.6,2.4
758,-38,-62,1.6,2.4
759,-38,-57,1.6,2.4
760,-46,-57,1.6,2.4
761,-46,-57,1.6,2.4
762,-47,-57,1.6,2.4
763,-47,-64,1.6,2.4
764,-38,-64,1.6,2.4
765,-38,-56,1.6,2.4
766,-46,-56,1.6,2.4
767,-46,-57,1.6,2.4
768,-46,-57,1.6,2.4
769,-46,-62,1.6,2.4
770,-38,-63,1.6,2.4
771,-38,-57,1.6,2.4
772,-47,-62,1.6,2.4
773,-47,-57,1.6,2.4
774,-47,-56,1.6,2.4
775,-47,-63,1.6,2.4
776,-38,-63,1.6,2.4
777,-38,-56,1.6,2.4
778,-47,-56,1.6,2.4
779,-47,-63,1.6,2.4
780,-38,-63,1.6,2.4
781,-38,-56,1.6,2.4
782,-47,-56,1.6,2.4
783,-47,-61,1.6,2.4
784,-38,-61,1.6,2.4
785,-38,-64,1.6,2.4
786,-47,-64,1.6,2.4
787,-47,-62,1.6,2.4
788,-38,-62,1.6,2.4
789,-38,-63,1.6,2.4
790,-46,-64,1.6,2.4
791,-46,-62,1.6,2.4
792,-38,-62,1.6,2.4
793,-38,-63,1.6,2.4
794,-38,-64,1.6,2.4
795,-38,-62,1.6,2.4
796,-38,-62,1.6,2.4
797,-38,-56,1.6,2.4
798,-47,-56,1.6,2.4
799,-47,-61,1.6,2.4
800,-45,-58,2,2
801,-46,-74,2,2
802,-55,-63,2,2
803,-54,-63,2,2
804,-54,-60,2,2
805,-54,-60,2,2
806,-54,-63,2,2
807,-46,-64,2,2
808,-46,-74,2,2
809,-46,-73,2,2
810,-55,-62,2,2
811,-56,-62,2,2
812,-56,-66,2,2
813,-47,-66,2,2
814,-47,-72,2,2
815,-47,-67,2,2
816,-47,-67,2,2
817,-47,-72,2,2
818,-47,-68,2,2
819,-47,-68,2,2
820,-47,-73,2,2
821,-57,-67,2,2
822,-56,-67,2,2
823,-56,-67,2,2
824,-56,-67,2,2
825,-56,-74,2,2
826,-47,-70,2,2
827,-47,-74,2,2
828,-47,-74,2,2
829,-46,-68,2,2
830,-46,-68,2,2
831,-46,-72,2,2
832,-56,-72,2,2
833,-56,-68,2,2
834,-46,-68,2,2
835,-46,-73,2,2
836,-46,-68,2,2
837,-46,-68,2,2
838,-46,-73,2,2
839,-46,-68,2,2
840,-46,-69,2,2
841,-46,-74,2,2
842,-56,-76,2,2
843,-46,-76,2,2
844,-47,-75,2,2
845,-54,-78,2,2
846,-54,-79,2,2
847,-54,-79,2,2
848,-54,-77,2,2
849,-54,-77,2,2
850,-54,-76,2,2
851,-54,-68,2,2
852,-54,-68,2,2
853,-54,-68,2,2
854,-46,-68,2,2
855,-45,-85,2,2
856,-45,-66,2,2
857,-45,-66,2,2
858,-45,-78,2,2
859,-46,-67,2,2
860,-45,-68,2,2
861,-45,-78,2,2
862,-54,-77,2,2
863,-45,-68,2,2
864,-45,-68,2,2
865,-45,-78,2,2
866,-46,-67,2,2
867,-45,-67,2,2
868,-45,-82,2,2
869,-54,-67,2,2
870,-54,-67,2,2
871,-54,-86,2,2
872,-54,-67,2,2
873,-45,-68,2,2
874,-45,-84,2,2
875,-45,-65,2,2
876,-45,-63,2,2
877,-51,-63,2,2
878,-51,-67,2,2
879,-45,-67,2,2
880,-45,-63,2,2
881,-53,-63,2,2
882,-53,-64,2,2
883,-52,-64,2,2
884,-52,-69,2,2
885,-45,-69,2,2
886,-45,-69,2,2
887,-51,-69,2,2
888,-51,-69,2,2
889,-45,-69,2,2
890,-45,-68,2,2
891,-51,-68,2,2
892,-51,-85,2,2
893,-45,-70,2,2
894,-45,-71,2,2
895,-51,-70,2,2
896,-51,-67,2,2
897,-45,-67,2,2
898,-45,-72,2,2
899,-51,-73,2,2
900,-51,-67,2,2
901,-44,-67,2,2
902,-45,-74,2,2
903,-51,-74,2,2
904,-51,-67,2,2
905,-45,-67,2,2
906,-45,-75,2,2
907,-52,-75,2,2
908,-52,-74,2,2
909,-45,-74,2,2
910,-45,-66,2,2
911,-44,-67,2,2
912,-44,-74,2,2
913,-51,-74,2,2
914,-51,-76,2,2
915,-51,-75,2,2
916,-51,-66,2,2
917,-51,-67,2,2
918,-51,-66,2,2
919,-43,-67,2,2
920,-43,-86,2,2
921,-51,-87,2,2
922,-44,-66,2,2
923,-44,-66,2,2
924,-44,-90,2,2
925,-44,-67,2,2
926,-44,-67,2,2
927,-44,-67,2,2
928,-52,-74,2,2
929,-45,-90,2,2
930,-51,-77,2,2
931,-51,-67,2,2
932,-44,-67,2,2
933,-44,-86,2,2
934,-51,-72,2,2
935,-52,-72,2,2
936,-52,-88,2,2
937,-51,-67,2,2
938,-51,-68,2,2
939,-51,-67,2,2
940,-43,-68,2,2
941,-43,-71,2,2
942,-51,-71,2,2
943,-51,-67,2,2
944,-50,-72,2,2
945,-50,-72,2,2
946,-51,-66,2,2
947,-44,-67,2,2
948,-44,-72,2,2
949,-52,-72,2,2
950,-52,-66,2,2
951,-44,-66,2,2
952,-44,-74,2,2
953,-51,-73,2,2
954,-52,-67,2,2
955,-51,-67,2,2
956,-51,-74,2,2
957,-51,-74,2,2
958,-51,-67,2,2
959,-44,-67,2,2
960,-45,-74,2,2
961,-51,-74,2,2
962,-51,-66,2,2
963,-44,-67,2,2
964,-44,-74,2,2
965,-51,-74,2,2
966,-51,-75,2,2
967,-50,-74,2,2
968,-50,-62,2,2
969,-44,-62,2,2
970,-44,-62,2,2
971,-50,-62,2,2
972,-51,-66,2,2
973,-44,-66,2,2
974,-44,-68,2,2
975,-51,-68,2,2
976,-51,-77,2,2
977,-44,-78,2,2
978,-44,-76,2,2
979,-43,-76,2,2
980,-43,-63,2,2
981,-43,-63,2,2
982,-43,-70,2,2
983,-51,-70,2,2
984,-51,-64,2,2
985,-44,-64,2,2
986,-44,-78,2,2
987,-44,-78,2,2
988,-44,-78,2,2
989,-44,-71,2,2
990,-51,-71,2,2
991,-51,-63,2,2
992,-43,-63,2,2
993,-43,-78,2,2
994,-45,-63,2,2
995,-44,-63,2,2
996,-44,-78,2,2
997,-44,-63,2,2
998,-44,-63,2,2
999,-44,-69,2,2
1000,-52,-59,2.4,1.6
1001,-53,-54,2.4,1.6
1002,-52,-66,2.4,1.6
1003,-51,-66,2.4,1.6
1004,-52,-59,2.4,1.6
1005,-54,-59,2.4,1.6
1006,-54,-59,2.4,1.6
1007,-51,-59,2.4,1.6
1008,-51,-64,2.4,1.6
1009,-49,-64,2.4,1.6
1010,-49,-54,2.4,1.6
1011,-52,-54,2.4,1.6
1012,-53,-59,2.4,1.6
1013,-53,-54,2.4,1.6
1014,-55,-54,2.4,1.6
1015,-53,-59,2.4,1.6
1016,-51,-59,2.4,1.6
1017,-51,-54,2.4,1.6
1018,-49,-54,2.4,1.6
1019,-50,-59,2.4,1.6
1020,-49,-59,2.4,1.6
1021,-49,-64,2.4,1.6
1022,-52,-59,2.4,1.6
1023,-50,-60,2.4,1.6
1024,-50,-64,2.4,1.6
1025,-52,-64,2.4,1.6
1026,-52,-59,2.4,1.6
1027,-50,-60,2.4,1.6
1028,-50,-68,2.4,1.6
1029,-49,-67,2.4,1.6
1030,-49,-54,2.4,1.6
1031,-52,-54,2.4,1.6
1032,-53,-60,2.4,1.6
1033,-49,-60,2.4,1.6
1034,-49,-53,2.4,1.6
1035,-53,-53,2.4,1.6
1036,-56,-65,2.4,1.6
1037,-50,-65,2.4,1.6
1038,-50,-54,2.4,1.6
1039,-53,-54,2.4,1.6
1040,-53,-59,2.4,1.6
1041,-49,-59,2.4,1.6
1042,-49,-64,2.4,1.6
1043,-49,-67,2.4,1.6
1044,-49,-54,2.4,1.6
1045,-53,-54,2.4,1.6
1046,-53,-64,2.4,1.6
1047,-49,-65,2.4,1.6
1048,-49,-54,2.4,1.6
1049,-53,-54,2.4,1.6
1050,-53,-59,2.4,1.6
1051,-50,-59,2.4,1.6
1052,-50,-65,2.4,1.6
1053,-53,-65,2.4,1.6
1054,-53,-59,2.4,1.6
1055,-50,-59,2.4,1.6
1056,-50,-65,2.4,1.6
1057,-49,-65,2.4,1.6
1058,-49,-54,2.4,1.6
1059,-53,-54,2.4,1.6
1060,-53,-59,2.4,1.6
1061,-49,-60,2.4,1.6
1062,-49,-64,2.4,1.6
1063,-49,-65,2.4,1.6
1064,-49,-54,2.4,1.6
1065,-53,-53,2.4,1.6
1066,-53,-65,2.4,1.6
1067,-49,-65,2.4,1.6
1068,-49,-54,2.4,1.6
1069,-53,-53,2.4,1.6
1070,-53,-60,2.4,1.6
1071,-49,-60,2.4,1.6
1072,-49,-54,2.4,1.6
1073,-53,-54,2.4,1.6
1074,-53,-59,2.4,1.6
1075,-50,-60,2.4,1.6
1076,-50,-65,2.4,1.6
1077,-49,-65,2.4,1.6
1078,-49,-54,2.4,1.6
1079,-53,-53,2.4,1.6
1080,-53,-59,2.4,1.6
1081,-49,-60,2.4,1.6
1082,-49,-53,2.4,1.6
1083,-53,-53,2.4,1.6
1084,-53,-59,2.4,1.6
1085,-55,-59,2.4,1.6
1086,-54,-59,2.4,1.6
1087,-50,-59,2.4,1.6
1088,-50,-53,2.4,1.6
1089,-49,-53,2.4,1.6
1090,-49,-53,2.4,1.6
1091,-53,-53,2.4,1.6
1092,-53,-59,2.4,1.6
1093,-50,-59,2.4,1.6
1094,-50,-64,2.4,1.6
1095,-53,-65,2.4,1.6
1096,-53,-59,2.4,1.6
1097,-50,-65,2.4,1.6
1098,-50,-64,2.4,1.6
1099,-49,-65,2.4,1.6
1100,-49,-53,2.4,1.6
1101,-53,-53,2.4,1.6
1102,-53,-59,2.4,1.6
1103,-49,-59,2.4,1.6
1104,-49,-53,2.4,1.6
1105,-53,-53,2.4,1.6
1106,-53,-59,2.4,1.6
1107,-53,-59,2.4,1.6
1108,-54,-64,2.4,1.6
1109,-49,-64,2.4,1.6
1110,-49,-53,2.4,1.6
1111,-51,-59,2.4,1.6
1112,-51,-59,2.4,1.6
1113,-51,-59,2.4,1.6
1114,-51,-64,2.4,1.6
1115,-49,-64,2.4,1.6
1116,-49,-59,2.4,1.6
1117,-51,-59,2.4,1.6
1118,-51,-64,2.4,1.6
1119,-49,-64,2.4,1.6
1120,-50,-53,2.4,1.6
1121,-53,-53,2.4,1.6
1122,-53,-59,2.4,1.6
1123,-49,-59,2.4,1.6
1124,-49,-53,2.4,1.6
1125,-53,-53,2.4,1.6
1126,-53,-64,2.4,1.6
1127,-49,-64,2.4,1.6
1128,-49,-56,2.4,1.6
1129,-49,-56,2.4,1.6
1130,-49,-59,2.4,1.6
1131,-49,-59,2.4,1.6
1132,-49,-64,2.4,1.6
1133,-49,-65,2.4,1.6
1134,-49,-53,2.4,1.6
1135,-52,-53,2.4,1.6
1136,-53,-65,2.4,1.6
1137,-49,-65,2.4,1.6
1138,-49,-59,2.4,1.6
1139,-49,-67,2.4,1.6
1140,-49,-65,2.4,1.6
1141,-49,-53,2.4,1.6
1142,-53,-53,2.4,1.6
1143,-53,-59,2.4,1.6
1144,-49,-59,2.4,1.6
1145,-49,-53,2.4,1.6
1146,-53,-53,2.4,1.6
1147,-53,-64,2.4,1.6
1148,-49,-65,2.4,1.6
1149,-49,-59,2.4,1.6
1150,-50,-59,2.4,1.6
1151,-50,-53,2.4,1.6
1152,-54,-53,2.4,1.6
1153,-54,-53,2.4,1.6
1154,-54,-53,2.4,1.6
1155,-54,-59,2.4,1.6
1156,-51,-59,2.4,1.6
1157,-51,-53,2.4,1.6
1158,-49,-53,2.4,1.6
1159,-50,-53,2.4,1.6
1160,-54,-53,2.4,1.6
1161,-54,-59,2.4,1.6
1162,-55,-59,2.4,1.6
1163,-51,-64,2.4,1.6
1164,-54,-65,2.4,1.6
1165,-54,-59,2.4,1.6
1166,-51,-59,2.4,1.6
1167,-51,-65,2.4,1.6
1168,-49,-65,2.4,1.6
1169,-50,-53,2.4,1.6
1170,-57,-53,2.4,1.6
1171,-54,-59,2.4,1.6
1172,-49,-59,2.4,1.6
1173,-49,-53,2.4,1.6
1174,-53,-53,2.4,1.6
1175,-54,-59,2.4,1.6
1176,-53,-59,2.4,1.6
1177,-53,-64,2.4,1.6
1178,-53,-64,2.4,1.6
1179,-53,-58,2.4,1.6
1180,-49,-53,2.4,1.6
1181,-53,-53,2.4,1.6
1182,-53,-58,2.4,1.6
1183,-50,-59,2.4,1.6
1184,-50,-64,2.4,1.6
1185,-53,-64,2.4,1.6
1186,-53,-58,2.4,1.6
1187,-50,-59,2.4,1.6
1188,-50,-64,2.4,1.6
1189,-49,-64,2.4,1.6
1190,-49,-53,2.4,1.6
1191,-53,-53,2.4,1.6
1192,-53,-58,2.4,1.6
1193,-49,-59,2.4,1.6
1194,-49,-53,2.4,1.6
1195,-53,-53,2.4,1.6
1196,-53,-58,2.4,1.6
1197,-53,-59,2.4,1.6
1198,-53,-64,2.4,1.6
1199,-49,-64,2.4,1.6
1200,-52,-52,2.8,1.2
1201,-56,-67,2.8,1.2
1202,-56,-52,2.8,1.2
1203,-60,-51,2.8,1.2
1204,-61,-80,2.8,1.2
1205,-61,-68,2.8,1.2
1206,-60,-68,2.8,1.2
1207,-60,-67,2.8,1.2
1208,-57,-67,2.8,1.2
1209,-57,-60,2.8,1.2
1210,-58,-60,2.8,1.2
1211,-58,-60,2.8,1.2
1212,-55,-61,2.8,1.2
1213,-55,-69,2.8,1.2
1214,-58,-69,2.8,1.2
1215,-58,-69,2.8,1.2
1216,-54,-69,2.8,1.2
1217,-54,-68,2.8,1.2
1218,-54,-68,2.8,1.2
1219,-54,-52,2.8,1.2
1220,-57,-52,2.8,1.2
1221,-57,-62,2.8,1.2
1222,-54,-62,2.8,1.2
1223,-55,-53,2.8,1.2
1224,-57,-53,2.8,1.2
1225,-57,-60,2.8,1.2
1226,-57,-61,2.8,1.2
1227,-58,-64,2.8,1.2
1228,-55,-64,2.8,1.2
1229,-55,-51,2.8,1.2
1230,-54,-51,2.8,1.2
1231,-54,-58,2.8,1.2
1232,-54,-58,2.8,1.2
1233,-54,-65,2.8,1.2
1234,-54,-65,2.8,1.2
1235,-54,-58,2.8,1.2
1236,-55,-59,2.8,1.2
1237,-55,-59,2.8,1.2
1238,-52,-59,2.8,1.2
1239,-52,-65,2.8,1.2
1240,-54,-65,2.8,1.2
1241,-54,-52,2.8,1.2
1242,-55,-52,2.8,1.2
1243,-55,-60,2.8,1.2
1244,-53,-60,2.8,1.2
1245,-53,-66,2.8,1.2
1246,-55,-66,2.8,1.2
1247,-55,-52,2.8,1.2
1248,-55,-52,2.8,1.2
1249,-55,-60,2.8,1.2
1250,-55,-60,2.8,1.2
1251,-55,-52,2.8,1.2
1252,-55,-52,2.8,1.2
1253,-55,-67,2.8,1.2
1254,-55,-67,2.8,1.2
1255,-55,-61,2.8,1.2
1256,-54,-61,2.8,1.2
1257,-54,-52,2.8,1.2
1258,-55,-52,2.8,1.2
1259,-56,-60,2.8,1.2
1260,-54,-60,2.8,1.2
1261,-54,-66,2.8,1.2
1262,-55,-66,2.8,1.2
1263,-56,-59,2.8,1.2
1264,-55,-52,2.8,1.2
1265,-55,-52,2.8,1.2
1266,-56,-60,2.8,1.2
1267,-56,-60,2.8,1.2
1268,-56,-52,2.8,1.2
1269,-56,-52,2.8,1.2
1270,-56,-66,2.8,1.2
1271,-56,-66,2.8,1.2
1272,-56,-52,2.8,1.2
1273,-55,-52,2.8,1.2
1274,-55,-66,2.8,1.2
1275,-55,-66,2.8,1.2
1276,-56,-52,2.8,1.2
1277,-56,-52,2.8,1.2
1278,-56,-66,2.8,1.2
1279,-56,-66,2.8,1.2
1280,-56,-52,2.8,1.2
1281,-55,-52,2.8,1.2
1282,-55,-60,2.8,1.2
1283,-56,-61,2.8,1.2
1284,-56,-66,2.8,1.2
1285,-56,-66,2.8,1.2
1286,-56,-52,2.8,1.2
1287,-55,-52,2.8,1.2
1288,-55,-60,2.8,1.2
1289,-55,-60,2.8,1.2
1290,-55,-60,2.8,1.2
1291,-55,-60,2.8,1.2
1292,-55,-66,2.8,1.2
1293,-55,-66,2.8,1.2
1294,-55,-60,2.8,1.2
1295,-55,-60,2.8,1.2
1296,-55,-66,2.8,1.2
1297,-55,-66,2.8,1.2
1298,-55,-51,2.8,1.2
1299,-55,-51,2.8,1.2
1300,-55,-60,2.8,1.2
1301,-54,-60,2.8,1.2
1302,-54,-51,2.8,1.2
1303,-55,-51,2.8,1.2
1304,-55,-59,2.8,1.2
1305,-54,-59,2.8,1.2
1306,-54,-66,2.8,1.2
1307,-55,-66,2.8,1.2
1308,-56,-51,2.8,1.2
1309,-55,-51,2.8,1.2
1310,-55,-59,2.8,1.2
1311,-54,-60,2.8,1.2
1312,-54,-65,2.8,1.2
1313,-55,-65,2.8,1.2
1314,-56,-51,2.8,1.2
1315,-55,-51,2.8,1.2
1316,-56,-59,2.8,1.2
1317,-54,-59,2.8,1.2
1318,-54,-51,2.8,1.2
1319,-55,-51,2.8,1.2
1320,-55,-59,2.8,1.2
1321,-54,-59,2.8,1.2
1322,-54,-59,2.8,1.2
1323,-56,-65,2.8,1.2
1324,-56,-65,2.8,1.2
1325,-56,-53,2.8,1.2
1326,-55,-51,2.8,1.2
1327,-55,-59,2.8,1.2
1328,-56,-59,2.8,1.2
1329,-56,-65,2.8,1.2
1330,-55,-65,2.8,1.2
1331,-55,-65,2.8,1.2
1332,-55,-59,2.8,1.2
1333,-57,-59,2.8,1.2
1334,-57,-64,2.8,1.2
1335,-56,-65,2.8,1.2
1336,-56,-65,2.8,1.2
1337,-57,-65,2.8,1.2
1338,-55,-59,2.8,1.2
1339,-57,-59,2.8,1.2
1340,-57,-64,2.8,1.2
1341,-56,-64,2.8,1.2
1342,-56,-59,2.8,1.2
1343,-56,-59,2.8,1.2
1344,-56,-64,2.8,1.2
1345,-55,-65,2.8,1.2
1346,-55,-50,2.8,1.2
1347,-55,-50,2.8,1.2
1348,-55,-59,2.8,1.2
1349,-56,-59,2.8,1.2
1350,-56,-65,2.8,1.2
1351,-54,-65,2.8,1.2
1352,-55,-59,2.8,1.2
1353,-54,-59,2.8,1.2
1354,-54,-64,2.8,1.2
1355,-54,-64,2.8,1.2
1356,-54,-64,2.8,1.2
1357,-54,-64,2.8,1.2
1358,-55,-58,2.8,1.2
1359,-55,-59,2.8,1.2
1360,-55,-50,2.8,1.2
1361,-56,-50,2.8,1.2
1362,-56,-59,2.8,1.2
1363,-54,-59,2.8,1.2
1364,-54,-64,2.8,1.2
1365,-56,-64,2.8,1.2
1366,-56,-64,2.8,1.2
1367,-55,-64,2.8,1.2
1368,-55,-50,2.8,1.2
1369,-54,-50,2.8,1.2
1370,-54,-59,2.8,1.2
1371,-56,-59,2.8,1.2
1372,-56,-50,2.8,1.2
1373,-54,-50,2.8,1.2
1374,-54,-59,2.8,1.2
1375,-56,-59,2.8,1.2
1376,-56,-64,2.8,1.2
1377,-56,-64,2.8,1.2
1378,-56,-51,2.8,1.2
1379,-54,-51,2.8,1.2
1380,-54,-59,2.8,1.2
1381,-55,-60,2.8,1.2
1382,-55,-64,2.8,1.2
1383,-55,-64,2.8,1.2
1384,-55,-51,2.8,1.2
1385,-54,-51,2.8,1.2
1386,-54,-59,2.8,1.2
1387,-55,-59,2.8,1.2
1388,-55,-64,2.8,1.2
1389,-55,-64,2.8,1.2
1390,-55,-51,2.8,1.2
1391,-54,-51,2.8,1.2
1392,-54,-63,2.8,1.2
1393,-56,-64,2.8,1.2
1394,-56,-51,2.8,1.2
1395,-54,-51,2.8,1.2
1396,-54,-59,2.8,1.2
1397,-54,-59,2.8,1.2
1398,-54,-64,2.8,1.2
1399,-54,-64,2.8,1.2
1400,-49,-47,3.2,0.8
1401,-58,-47,3.2,0.8
1402,-49,-47,3.2,0.8
1403,-49,-57,3.2,0.8
1404,-50,-58,3.2,0.8
1405,-50,-53,3.2,0.8
1406,-65,-53,3.2,0.8
1407,-65,-59,3.2,0.8
1408,-50,-59,3.2,0.8
1409,-50,-51,3.2,0.8
1410,-60,-51,3.2,0.8
1411,-60,-75,3.2,0.8
1412,-48,-55,3.2,0.8
1413,-49,-55,3.2,0.8
1414,-49,-50,3.2,0.8
1415,-47,-50,3.2,0.8
1416,-47,-70,3.2,0.8
1417,-59,-50,3.2,0.8
1418,-59,-50,3.2,0.8
1419,-59,-67,3.2,0.8
1420,-47,-67,3.2,0.8
1421,-47,-49,3.2,0.8
1422,-59,-49,3.2,0.8
1423,-59,-52,3.2,0.8
1424,-48,-52,3.2,0.8
1425,-48,-65,3.2,0.8
1426,-49,-66,3.2,0.8
1427,-49,-49,3.2,0.8
1428,-59,-48,3.2,0.8
1429,-59,-52,3.2,0.8
1430,-48,-52,3.2,0.8
1431,-48,-64,3.2,0.8
1432,-49,-64,3.2,0.8
1433,-49,-48,3.2,0.8
1434,-59,-48,3.2,0.8
1435,-59,-52,3.2,0.8
1436,-49,-52,3.2,0.8
1437,-49,-48,3.2,0.8
1438,-59,-48,3.2,0.8
1439,-59,-52,3.2,0.8
1440,-48,-52,3.2,0.8
1441,-48,-48,3.2,0.8
1442,-48,-48,3.2,0.8
1443,-49,-64,3.2,0.8
1444,-48,-64,3.2,0.8
1445,-48,-64,3.2,0.8
1446,-48,-64,3.2,0.8
1447,-49,-48,3.2,0.8
1448,-58,-48,3.2,0.8
1449,-58,-63,3.2,0.8
1450,-49,-64,3.2,0.8
1451,-49,-48,3.2,0.8
1452,-59,-48,3.2,0.8
1453,-59,-51,3.2,0.8
1454,-49,-51,3.2,0.8
1455,-48,-62,3.2,0.8
1456,-59,-63,3.2,0.8
1457,-59,-51,3.2,0.8
1458,-49,-51,3.2,0.8
1459,-49,-62,3.2,0.8
1460,-49,-62,3.2,0.8
1461,-49,-47,3.2,0.8
1462,-49,-47,3.2,0.8
1463,-49,-51,3.2,0.8
1464,-48,-51,3.2,0.8
1465,-49,-47,3.2,0.8
1466,-59,-47,3.2,0.8
1467,-59,-51,3.2,0.8
1468,-49,-51,3.2,0.8
1469,-49,-47,3.2,0.8
1470,-58,-47,3.2,0.8
1471,-59,-51,3.2,0.8
1472,-49,-51,3.2,0.8
1473,-48,-62,3.2,0.8
1474,-59,-62,3.2,0.8
1475,-59,-62,3.2,0.8
1476,-60,-62,3.2,0.8
1477,-60,-52,3.2,0.8
1478,-49,-52,3.2,0.8
1479,-49,-68,3.2,0.8
1480,-49,-68,3.2,0.8
1481,-49,-50,3.2,0.8
1482,-60,-50,3.2,0.8
1483,-60,-54,3.2,0.8
1484,-48,-54,3.2,0.8
1485,-49,-50,3.2,0.8
1486,-59,-50,3.2,0.8
1487,-59,-52,3.2,0.8
1488,-49,-53,3.2,0.8
1489,-49,-48,3.2,0.8
1490,-59,-48,3.2,0.8
1491,-59,-50,3.2,0.8
1492,-48,-50,3.2,0.8
1493,-48,-62,3.2,0.8
1494,-49,-62,3.2,0.8
1495,-49,-47,3.2,0.8
1496,-58,-47,3.2,0.8
1497,-58,-50,3.2,0.8
1498,-48,-51,3.2,0.8
1499,-48,-62,3.2,0.8
1500,-49,-62,3.2,0.8
1501,-49,-47,3.2,0.8
1502,-59,-47,3.2,0.8
1503,-59,-50,3.2,0.8
1504,-49,-50,3.2,0.8
1505,-49,-47,3.2,0.8
1506,-59,-47,3.2,0.8
1507,-59,-51,3.2,0.8
1508,-59,-51,3.2,0.8
1509,-59,-65,3.2,0.8
1510,-48,-65,3.2,0.8
1511,-48,-47,3.2,0.8
1512,-49,-47,3.2,0.8
1513,-49,-47,3.2,0.8
1514,-60,-47,3.2,0.8
1515,-60,-51,3.2,0.8
1516,-49,-51,3.2,0.8
1517,-49,-67,3.2,0.8
1518,-60,-67,3.2,0.8
1519,-60,-53,3.2,0.8
1520,-49,-53,3.2,0.8
1521,-49,-74,3.2,0.8
1522,-48,-73,3.2,0.8
1523,-48,-49,3.2,0.8
1524,-60,-49,3.2,0.8
1525,-60,-53,3.2,0.8
1526,-48,-53,3.2,0.8
1527,-48,-48,3.2,0.8
1528,-60,-48,3.2,0.8
1529,-60,-49,3.2,0.8
1530,-60,-52,3.2,0.8
1531,-60,-68,3.2,0.8
1532,-48,-68,3.2,0.8
1533,-48,-52,3.2,0.8
1534,-49,-53,3.2,0.8
1535,-49,-52,3.2,0.8
1536,-49,-52,3.2,0.8
1537,-49,-68,3.2,0.8
1538,-48,-67,3.2,0.8
1539,-48,-52,3.2,0.8
1540,-49,-52,3.2,0.8
1541,-49,-68,3.2,0.8
1542,-48,-68,3.2,0.8
1543,-48,-48,3.2,0.8
1544,-59,-48,3.2,0.8
1545,-59,-68,3.2,0.8
1546,-59,-68,3.2,0.8
1547,-59,-53,3.2,0.8
1548,-49,-54,3.2,0.8
1549,-49,-74,3.2,0.8
1550,-49,-54,3.2,0.8
1551,-60,-54,3.2,0.8
1552,-60,-67,3.2,0.8
1553,-49,-67,3.2,0.8
1554,-49,-52,3.2,0.8
1555,-49,-52,3.2,0.8
1556,-49,-51,3.2,0.8
1557,-49,-51,3.2,0.8
1558,-49,-65,3.2,0.8
1559,-46,-65,3.2,0.8
1560,-49,-64,3.2,0.8
1561,-49,-64,3.2,0.8
1562,-49,-52,3.2,0.8
1563,-50,-52,3.2,0.8
1564,-50,-63,3.2,0.8
1565,-49,-63,3.2,0.8
1566,-49,-48,3.2,0.8
1567,-60,-48,3.2,0.8
1568,-60,-51,3.2,0.8
1569,-50,-51,3.2,0.8
1570,-50,-61,3.2,0.8
1571,-49,-61,3.2,0.8
1572,-49,-47,3.2,0.8
1573,-59,-47,3.2,0.8
1574,-59,-50,3.2,0.8
1575,-49,-51,3.2,0.8
1576,-49,-62,3.2,0.8
1577,-49,-63,3.2,0.8
1578,-49,-47,3.2,0.8
1579,-59,-47,3.2,0.8
1580,-59,-63,3.2,0.8
1581,-49,-63,3.2,0.8
1582,-49,-47,3.2,0.8
1583,-59,-48,3.2,0.8
1584,-59,-50,3.2,0.8
1585,-49,-50,3.2,0.8
1586,-49,-63,3.2,0.8
1587,-59,-63,3.2,0.8
1588,-59,-50,3.2,0.8
1589,-49,-50,3.2,0.8
1590,-49,-63,3.2,0.8
1591,-49,-63,3.2,0.8
1592,-49,-47,3.2,0.8
1593,-60,-47,3.2,0.8
1594,-60,-50,3.2,0.8
1595,-49,-51,3.2,0.8
1596,-49,-47,3.2,0.8
1597,-59,-47,3.2,0.8
1598,-59,-50,3.2,0.8
1599,-60,-50,3.2,0.8
